Date,Close/Last,Volume,Open,High,Low
03/11/2022,$2.9,59913,$2.985,$2.985,$2.89
03/10/2022,$2.9,331788,$2.83,$2.96,$2.83
03/09/2022,$3.01,214160,$3.01,$3.0435,$2.97
03/08/2022,$2.79,838139,$2.71,$2.9,$2.7
03/07/2022,$2.61,651838,$2.78,$2.78,$2.59
03/04/2022,$2.78,157740,$2.77,$2.805,$2.75
03/03/2022,$2.84,408260,$2.97,$2.97,$2.83
03/02/2022,$3.07,314857,$3.07,$3.082,$3.03
03/01/2022,$3.11,585207,$3.2,$3.2,$3.08
02/28/2022,$3.31,322381,$3.255,$3.345,$3.24
02/25/2022,$3.5,146893,$3.45,$3.51,$3.45
02/24/2022,$3.41,268532,$3.27,$3.43,$3.26
02/23/2022,$3.49,224534,$3.61,$3.61,$3.49
02/22/2022,$3.57,74613,$3.59,$3.605,$3.54
02/18/2022,$3.65,31825,$3.685,$3.69,$3.63
02/17/2022,$3.705,37615,$3.74,$3.74,$3.7
02/16/2022,$3.83,159250,$3.81,$3.84,$3.8
02/15/2022,$3.845,114879,$3.834,$3.85,$3.825
02/14/2022,$3.71,35622,$3.735,$3.76,$3.7
02/11/2022,$3.85,27688,$3.893,$3.92,$3.82
02/10/2022,$3.85,33019,$3.85,$3.93,$3.85
02/09/2022,$3.862,269602,$3.876,$3.9199,$3.85
02/08/2022,$3.776,119217,$3.75,$3.78,$3.735
02/07/2022,$3.72,67737,$3.73,$3.735,$3.7
02/04/2022,$3.72,54693,$3.71,$3.73,$3.677
02/03/2022,$3.77,74528,$3.78,$3.81,$3.77
02/02/2022,$3.82,59244,$3.825,$3.825,$3.7933
02/01/2022,$3.87,102917,$3.888,$3.9,$3.84
01/31/2022,$3.9,180776,$3.88,$3.92,$3.87
01/28/2022,$3.941,96012,$3.87,$3.95,$3.86
01/27/2022,$3.74,115797,$3.755,$3.79,$3.71
01/26/2022,$3.712,238456,$3.765,$3.78,$3.69
01/25/2022,$3.6905,190266,$3.64,$3.71,$3.62
01/24/2022,$3.63,153956,$3.52,$3.63,$3.51
01/21/2022,$3.6735,108791,$3.7,$3.715,$3.67
01/20/2022,$3.71,87861,$3.78,$3.82,$3.71
01/19/2022,$3.78,302581,$3.78,$3.81,$3.7795
01/18/2022,$3.74,354143,$3.8,$3.8,$3.7309
01/14/2022,$3.87,38653,$3.89,$3.9,$3.85
01/13/2022,$3.97,40444,$3.97,$3.99,$3.95
01/12/2022,$3.93,72872,$3.91,$3.93,$3.89
01/11/2022,$3.87,138345,$3.8,$3.87,$3.8
01/10/2022,$3.85,202369,$3.85,$3.85,$3.79
01/07/2022,$3.85,50087,$3.87,$3.87,$3.81
01/06/2022,$3.79,63770,$3.84,$3.89,$3.79
01/05/2022,$3.845,86324,$3.9,$3.9,$3.84
01/04/2022,$3.86,121094,$3.857,$3.87,$3.84
01/03/2022,$3.885,69975,$3.88,$3.89,$3.87
12/31/2021,$3.9,22233,$3.858,$3.9,$3.85
12/30/2021,$3.89,34803,$3.88,$3.9199,$3.87
12/29/2021,$3.89,102867,$3.87,$3.89,$3.87
12/28/2021,$3.88,42724,$3.86,$3.88,$3.86
12/27/2021,$3.89,67252,$3.85,$3.89,$3.85
12/23/2021,$3.85,49507,$3.85,$3.88,$3.84
12/22/2021,$3.77,174510,$3.74,$3.785,$3.73
12/21/2021,$3.75,383196,$3.69,$3.75,$3.683
12/20/2021,$3.587,74523,$3.6,$3.6199,$3.577
12/17/2021,$3.61,127462,$3.61,$3.66,$3.61
12/16/2021,$3.57,112690,$3.58,$3.59,$3.56
12/15/2021,$3.59,522849,$3.52,$3.59,$3.52
12/14/2021,$3.62,393595,$3.59,$3.65,$3.59
12/13/2021,$3.58,106995,$3.575,$3.58,$3.54
12/10/2021,$3.62,62330,$3.63,$3.64,$3.59
12/09/2021,$3.605,82993,$3.6,$3.625,$3.58
12/08/2021,$3.648,85341,$3.66,$3.67,$3.63
12/07/2021,$3.69,458258,$3.68,$3.72,$3.68
12/06/2021,$3.61,209293,$3.58,$3.66,$3.58
12/03/2021,$3.47,97713,$3.45,$3.48,$3.44
12/02/2021,$3.62,504254,$3.5836,$3.63,$3.5836
12/01/2021,$3.6,271310,$3.63,$3.66,$3.58
11/30/2021,$3.5,1022167,$3.52,$3.53,$3.44
11/29/2021,$3.536,271558,$3.55,$3.56,$3.5101
11/26/2021,$3.43,72679,$3.48,$3.51,$3.43
11/24/2021,$3.6485,38378,$3.625,$3.65,$3.625
11/23/2021,$3.75,89598,$3.75,$3.78,$3.72
11/22/2021,$3.555,80378,$3.545,$3.59,$3.535
11/19/2021,$3.56,71523,$3.6,$3.6,$3.55
11/18/2021,$3.68,125467,$3.7,$3.7,$3.67
11/17/2021,$3.74,89510,$3.78,$3.78,$3.734
11/16/2021,$3.81,125954,$3.83,$3.85,$3.81
11/15/2021,$3.81,150657,$3.845,$3.85,$3.81
11/12/2021,$3.77,42000,$3.75,$3.78,$3.75
11/11/2021,$3.75,82976,$3.785,$3.8,$3.75
11/10/2021,$3.82,245540,$3.84,$3.8604,$3.81
11/09/2021,$3.823,67905,$3.88,$3.88,$3.81
11/08/2021,$3.755,87037,$3.76,$3.79,$3.75
11/05/2021,$3.965,51673,$3.965,$3.98,$3.94
11/04/2021,$3.88,94300,$3.86,$3.88,$3.8565
11/03/2021,$3.82,170612,$3.72,$3.84,$3.72
11/02/2021,$3.7805,80919,$3.82,$3.82,$3.77
11/01/2021,$3.82,199651,$3.77,$3.83,$3.77
10/29/2021,$3.78,25545,$3.75,$3.78,$3.7
10/28/2021,$3.91,52265,$3.864,$3.91,$3.84
10/27/2021,$3.89,38683,$3.886,$3.92,$3.86
10/26/2021,$3.92,68906,$3.925,$3.94,$3.87
10/25/2021,$3.81,124471,$3.83,$3.83,$3.79
10/22/2021,$3.86,31950,$3.85,$3.87,$3.84
10/21/2021,$3.86,59146,$3.87,$3.89,$3.86
10/20/2021,$3.84,70166,$3.86,$3.88,$3.84
10/19/2021,$3.92,97212,$3.935,$3.94,$3.91
10/18/2021,$3.85,145212,$3.82,$3.92,$3.81
10/15/2021,$3.86,40906,$3.85,$3.87,$3.84
10/14/2021,$3.75,152089,$3.764,$3.77,$3.74
10/13/2021,$3.78,77892,$3.78,$3.81,$3.77
10/12/2021,$3.69,162748,$3.73,$3.73,$3.69
10/11/2021,$3.68,185864,$3.69,$3.72,$3.66
10/08/2021,$3.77,53244,$3.82,$3.82,$3.75
10/07/2021,$3.79,87256,$3.77,$3.83,$3.77
10/06/2021,$3.73,135946,$3.75,$3.7855,$3.7
10/05/2021,$3.94,282298,$3.96,$3.98,$3.93
10/04/2021,$4.04,107476,$4.09,$4.097,$4.03
10/01/2021,$4.09,58041,$4.071,$4.11,$4.057
09/30/2021,$4.018,322700,$4.08,$4.08,$4
09/29/2021,$4.15,260448,$4.11,$4.18,$4.1
09/28/2021,$4.14,84665,$4.1465,$4.1465,$4.114
09/27/2021,$4.13,133407,$4.14,$4.15,$4.12
09/24/2021,$4.04,28885,$4.052,$4.06,$4.04
09/23/2021,$4.12,46310,$4.12,$4.127,$4.1
09/22/2021,$4.08,106242,$4.1,$4.13,$4.08
09/21/2021,$3.97,220196,$3.99,$3.99,$3.95
09/20/2021,$3.96,48582,$3.925,$3.97,$3.925
09/17/2021,$3.95,86983,$3.9785,$3.9899,$3.94
09/16/2021,$3.96,99826,$3.94,$3.97,$3.94
09/15/2021,$3.915,36832,$3.905,$3.92,$3.89
09/14/2021,$4,139481,$4.03,$4.05,$4
09/13/2021,$3.99,60556,$3.96,$3.99,$3.96
09/10/2021,$3.98,20919,$3.965,$3.98,$3.93
09/09/2021,$3.97,101036,$3.98,$3.99,$3.96
09/08/2021,$4,48921,$4,$4.01,$3.97
09/07/2021,$4.03,84447,$4.05,$4.06,$4.025
09/03/2021,$4.05,20173,$4.071,$4.08,$4.05
09/02/2021,$4.12,47076,$4.08,$4.12,$4.08
09/01/2021,$4.13,98936,$4.11,$4.2,$4.1
08/31/2021,$3.95,112148,$3.95,$3.97,$3.94
08/30/2021,$3.94,68862,$3.94,$3.974,$3.94
08/27/2021,$3.94,51490,$3.91,$3.96,$3.91
08/26/2021,$3.885,32323,$3.93,$3.93,$3.88
08/25/2021,$4,93601,$4,$4,$3.975
08/24/2021,$4.01,150442,$4.025,$4.055,$4.01
08/23/2021,$4.04,38880,$3.985,$4.04,$3.985
08/20/2021,$3.95,45688,$3.89,$3.95,$3.89
08/19/2021,$3.84,88406,$3.85,$3.85,$3.83
08/18/2021,$3.9486,82158,$3.96,$3.965,$3.94
08/17/2021,$3.96,78820,$3.99,$3.99,$3.9215
08/16/2021,$3.995,144630,$4,$4,$3.97
08/13/2021,$4.13,91764,$4.1,$4.13,$4.1
08/12/2021,$4.1025,49016,$4.09,$4.11,$4.07
08/11/2021,$4.07,28437,$4.075,$4.08,$4.05
08/10/2021,$4.041,228148,$4.04,$4.06,$4.04
08/09/2021,$4.06,113475,$4.076,$4.115,$4.06
08/06/2021,$4.095,86182,$4.12,$4.12,$4.09
08/05/2021,$4.14,7020,$4.13,$4.15,$4.12
08/04/2021,$4.15,35054,$4.17,$4.175,$4.13
08/03/2021,$4.17,81255,$4.13,$4.18,$4.13
08/02/2021,$4.155,39171,$4.185,$4.195,$4.15
07/30/2021,$4.13,20114,$4.124,$4.15,$4.12
07/29/2021,$4.27,250255,$4.285,$4.32,$4.25
07/28/2021,$4.28,48502,$4.275,$4.29,$4.25
07/27/2021,$4.27,266300,$4.29,$4.29,$4.23
07/26/2021,$4.31,50713,$4.27,$4.31,$4.27
07/23/2021,$4.262,105323,$4.26,$4.27,$4.24
07/22/2021,$4.23,39029,$4.26,$4.27,$4.23
07/21/2021,$4.3,81343,$4.24,$4.3,$4.24
07/20/2021,$4.19,109779,$4.13,$4.19,$4.13
07/19/2021,$4.16,54564,$4.19,$4.19,$4.16
07/16/2021,$4.33,21162,$4.405,$4.41,$4.3
07/15/2021,$4.37,24714,$4.4,$4.4,$4.34
07/14/2021,$4.64,80854,$4.6,$4.64,$4.6
07/13/2021,$4.59,36185,$4.585,$4.6,$4.57
07/12/2021,$4.6,34253,$4.59,$4.61,$4.58
07/09/2021,$4.59,15165,$4.555,$4.59,$4.555
07/08/2021,$4.49,49947,$4.48,$4.51,$4.47
07/07/2021,$4.68,47664,$4.625,$4.68,$4.61
07/06/2021,$4.672,46878,$4.734,$4.734,$4.6635
07/02/2021,$4.69,31840,$4.71,$4.71,$4.66
07/01/2021,$4.59,97053,$4.62,$4.64,$4.57
06/30/2021,$4.69,30360,$4.71,$4.74,$4.67
06/29/2021,$4.67,25072,$4.65,$4.67,$4.63
06/28/2021,$4.61,56123,$4.64,$4.64,$4.59
06/25/2021,$4.703,16624,$4.75,$4.75,$4.68
06/24/2021,$4.715,17449,$4.6902,$4.735,$4.6703
06/23/2021,$4.61,28272,$4.63,$4.64,$4.6
06/22/2021,$4.665,122765,$4.61,$4.685,$4.6
06/21/2021,$4.645,45879,$4.6,$4.66,$4.6
06/18/2021,$4.59,30698,$4.62,$4.62,$4.555
06/17/2021,$4.75,17306,$4.76,$4.765,$4.73
06/16/2021,$4.793,14889,$4.82,$4.85,$4.78
06/15/2021,$4.867,56673,$4.88,$4.885,$4.84
06/14/2021,$5.03,31499,$5.004,$5.04,$4.968
06/11/2021,$5.03,7995,$5.007,$5.03,$5
06/10/2021,$5,23014,$4.99,$5.01,$4.98
06/09/2021,$5.05,10127,$5.08,$5.1,$5.034
06/08/2021,$5.065,79178,$5.07,$5.08,$5.0575
06/07/2021,$5.01,11285,$5.008,$5.0125,$4.98
06/04/2021,$5.0001,19140,$5.02,$5.03,$4.99
06/03/2021,$5.03,68114,$5,$5.04,$5
06/02/2021,$5.116,79797,$5.105,$5.14,$5.105
06/01/2021,$5.0975,29629,$5.11,$5.114,$5.08
05/28/2021,$5.14,12175,$5.12,$5.16,$5.093
05/27/2021,$5.09,37348,$5.1,$5.112,$5.07
05/26/2021,$5.07,33900,$5.08,$5.09,$5.057
05/25/2021,$5.12,22380,$5.122,$5.135,$5.1
05/24/2021,$5.12,20051,$5.118,$5.129,$5.09
05/21/2021,$5.07,11159,$5.107,$5.12,$5.07
05/20/2021,$5.1,27061,$5.05,$5.13,$5.0402
05/19/2021,$5.045,28456,$5,$5.07,$5
05/18/2021,$5.14,68215,$5.13,$5.14,$5.1
05/17/2021,$5.04,41730,$4.978,$5.06,$4.97
05/14/2021,$5.04,12989,$4.975,$5.06,$4.975
05/13/2021,$4.81,37824,$4.725,$4.81,$4.725
05/12/2021,$4.7102,23776,$4.76,$4.77,$4.7102
05/11/2021,$4.92,13074,$4.92,$4.94,$4.916
05/10/2021,$5.04,44364,$5.106,$5.106,$5.03
05/07/2021,$5.07,15660,$5,$5.07,$5
05/06/2021,$4.97,16952,$4.918,$4.97,$4.915
05/05/2021,$4.9302,19035,$4.92,$4.95,$4.908
05/04/2021,$4.86,18721,$4.918,$4.918,$4.84
05/03/2021,$4.935,39090,$4.88,$4.97,$4.88
04/30/2021,$4.87,34052,$5,$5,$4.86
04/29/2021,$4.98,9574,$5.038,$5.038,$4.96
04/28/2021,$4.9102,8839,$4.89,$4.94,$4.89
04/27/2021,$4.91,12769,$4.92,$4.93,$4.906
04/26/2021,$4.975,27072,$5,$5,$4.96
04/23/2021,$4.925,56026,$4.89,$4.94,$4.89
04/22/2021,$4.85,81128,$4.84,$4.87,$4.82
04/21/2021,$4.82,21821,$4.81,$4.8642,$4.79
04/20/2021,$4.7175,33491,$4.79,$4.79,$4.69
04/19/2021,$4.8648,54833,$4.9,$4.905,$4.85
04/16/2021,$4.92,30226,$4.852,$4.92,$4.84
04/15/2021,$4.79,25422,$4.77,$4.81,$4.77
04/14/2021,$4.73,14730,$4.72,$4.76,$4.72
04/13/2021,$4.71,40970,$4.65,$4.71,$4.65
04/12/2021,$4.58,31895,$4.59,$4.59,$4.54
04/09/2021,$4.65,10583,$4.62,$4.65,$4.62
04/08/2021,$4.62,24992,$4.61,$4.62,$4.59
04/07/2021,$4.625,36098,$4.62,$4.65,$4.61
04/06/2021,$4.595,100061,$4.53,$4.62,$4.53
04/05/2021,$4.57,145414,$4.61,$4.61,$4.47
04/01/2021,$4.47,105993,$4.44,$4.47,$4.42
03/31/2021,$4.465,21818,$4.46,$4.5,$4.42
03/30/2021,$4.6195,36718,$4.53,$4.62,$4.53
03/29/2021,$4.548,54257,$4.56,$4.57,$4.53
03/26/2021,$4.71,27423,$4.695,$4.74,$4.68
03/25/2021,$4.66,103573,$4.56,$4.66,$4.55
03/24/2021,$4.71,27401,$4.72,$4.754,$4.71
03/23/2021,$4.82,30041,$4.89,$4.89,$4.82
03/22/2021,$4.93,25191,$4.97,$4.97,$4.91
03/19/2021,$4.94,19994,$4.95,$5.01,$4.9305
03/18/2021,$5.06,28492,$5.042,$5.09,$5.02
03/17/2021,$5.215,88867,$5.12,$5.22,$5.11
03/16/2021,$5.21,36700,$5.19,$5.22,$5.15
03/15/2021,$5.125,23426,$5.12,$5.13,$5.07
03/12/2021,$5.17,11722,$5.13,$5.17,$5.12
03/11/2021,$5.06,19341,$5.05,$5.11,$5.0335
03/10/2021,$5.02,20124,$5.04,$5.04,$4.98
03/09/2021,$4.98,67382,$4.96,$4.99,$4.94
03/08/2021,$4.9,215658,$4.792,$4.95,$4.792
03/05/2021,$4.77,30838,$4.719,$4.77,$4.7
03/04/2021,$4.748,16871,$4.802,$4.84,$4.73
03/03/2021,$4.755,11870,$4.76,$4.79,$4.74
03/02/2021,$4.74,23595,$4.728,$4.76,$4.7235
03/01/2021,$4.76,22002,$4.754,$4.79,$4.74
02/26/2021,$4.7,17849,$4.735,$4.75,$4.67
02/25/2021,$4.72,17113,$4.829,$4.85,$4.7
02/24/2021,$4.724,37058,$4.662,$4.73,$4.662
02/23/2021,$4.68,119526,$4.7,$4.7,$4.646
02/22/2021,$4.53,27946,$4.53,$4.5576,$4.52
02/19/2021,$4.5,27952,$4.489,$4.53,$4.47
02/18/2021,$4.49,77476,$4.49,$4.49,$4.44
02/17/2021,$4.41,33449,$4.38,$4.41,$4.36
02/16/2021,$4.43,15289,$4.41,$4.44,$4.39
02/12/2021,$4.26,39030,$4.262,$4.29,$4.25
02/11/2021,$4.3,35156,$4.281,$4.3,$4.25
02/10/2021,$4.205,15870,$4.24,$4.24,$4.2
02/09/2021,$4.28,166152,$4.258,$4.28,$4.24
02/08/2021,$4.3,15376,$4.325,$4.325,$4.28
02/05/2021,$4.34,15134,$4.3,$4.34,$4.3
02/04/2021,$4.236,19108,$4.221,$4.249,$4.221
02/03/2021,$4.25,16029,$4.24,$4.26,$4.23
02/02/2021,$4.22,49549,$4.2,$4.23,$4.2
02/01/2021,$4.17,19180,$4.2,$4.2,$4.13
01/29/2021,$4.23,29893,$4.24,$4.26,$4.21
01/28/2021,$4.49,45778,$4.41,$4.5,$4.4
01/27/2021,$4.365,30583,$4.32,$4.405,$4.32
01/26/2021,$4.2475,28772,$4.2635,$4.2736,$4.228
01/25/2021,$4.205,31965,$4.22,$4.23,$4.18
01/22/2021,$4.37,19308,$4.35,$4.37,$4.34
01/21/2021,$4.42,24630,$4.37,$4.42,$4.37
01/20/2021,$4.368,19489,$4.34,$4.38,$4.34
01/19/2021,$4.34,26414,$4.36,$4.39,$4.33
01/15/2021,$4.24,17130,$4.24,$4.26,$4.24
01/14/2021,$4.25,110967,$4.31,$4.31,$4.25
01/13/2021,$4.16,10231,$4.17,$4.19,$4.15
01/12/2021,$4.23,22035,$4.22,$4.25,$4.209
01/11/2021,$4.19,13534,$4.156,$4.2,$4.156
01/08/2021,$4.3,33743,$4.295,$4.3,$4.26
01/07/2021,$4.29,58030,$4.22,$4.29,$4.22
01/06/2021,$4.17,161624,$4.21,$4.22,$4.17
01/05/2021,$4.16,11527,$4.08,$4.16,$4.08
01/04/2021,$4.08,21177,$4.1,$4.1,$4.063
12/31/2020,$4.09,21458,$4.07,$4.16,$4.07
12/30/2020,$4.13,15220,$4.2,$4.2,$4.13
12/29/2020,$4.19,41579,$4.232,$4.25,$4.16
12/28/2020,$4.12,10774,$4.08,$4.12,$4.08
12/24/2020,$4.14,16928,$4.11,$4.14,$4.09
12/23/2020,$4.11,19651,$4.11,$4.11,$4.09
12/22/2020,$4.06,17344,$4.025,$4.06,$4.025
12/21/2020,$4.06,11454,$4,$4.09,$4
12/18/2020,$4.15,23097,$4.167,$4.167,$4.13
12/17/2020,$4.26,13114,$4.22,$4.26,$4.22
12/16/2020,$4.192,199012,$4.164,$4.2,$4.153
12/15/2020,$4.18,18467,$4.154,$4.22,$4.15
12/14/2020,$4.3,170275,$4.3,$4.32,$4.27
12/11/2020,$4.252,44484,$4.255,$4.26,$4.22
12/10/2020,$4.35,202594,$4.318,$4.35,$4.318
12/09/2020,$4.3,37143,$4.355,$4.355,$4.29
12/08/2020,$4.365,48460,$4.35,$4.37,$4.34
12/07/2020,$4.45,13354,$4.42,$4.45,$4.42
12/04/2020,$4.41,60401,$4.39,$4.41,$4.39
12/03/2020,$4.335,32627,$4.33,$4.36,$4.33
12/02/2020,$4.29,85102,$4.29,$4.3,$4.27
12/01/2020,$4.33,36686,$4.3,$4.34,$4.27
11/30/2020,$4.18,92909,$4.22,$4.22,$4.17
11/27/2020,$4.23,12942,$4.26,$4.26,$4.222
11/25/2020,$4.3275,44672,$4.36,$4.36,$4.3
11/24/2020,$4.345,48180,$4.26,$4.36,$4.26
11/23/2020,$4.04,72895,$4.05,$4.05,$4.02
11/20/2020,$4.01,36466,$4.02,$4.025,$4
11/19/2020,$3.99,18478,$3.97,$3.99,$3.94
11/18/2020,$3.97,106554,$3.99,$4.02,$3.97
11/17/2020,$3.925,18771,$3.89,$3.95,$3.87
11/16/2020,$3.96,17475,$3.9,$3.98,$3.9
11/13/2020,$3.835,17591,$3.835,$3.85,$3.81
11/12/2020,$3.81,30528,$3.82,$3.842,$3.79
11/11/2020,$3.92,13809,$3.925,$3.95,$3.91
11/10/2020,$4.01,26885,$4,$4.03,$3.99
11/09/2020,$3.87,109589,$4.04,$4.06,$3.85
11/06/2020,$3.54,9876,$3.53,$3.54,$3.5
11/05/2020,$3.48,22284,$3.41,$3.49,$3.41
11/04/2020,$3.31,56867,$3.32,$3.34,$3.29
11/03/2020,$3.34,38282,$3.285,$3.35,$3.28
11/02/2020,$3.18,59483,$3.165,$3.18,$3.14
10/30/2020,$3.2,33795,$3.193,$3.21,$3.16
10/29/2020,$3.17,651512,$3.12,$3.17,$3.1184
10/28/2020,$3.16,27979,$3.19,$3.22,$3.15
10/27/2020,$3.36,45101,$3.37,$3.37,$3.33
10/26/2020,$3.46,12367,$3.51,$3.51,$3.43
10/23/2020,$3.57,26686,$3.57,$3.576,$3.544
10/22/2020,$3.57,10877,$3.53,$3.57,$3.52
10/21/2020,$3.5,16643,$3.52,$3.52,$3.49
10/20/2020,$3.564,81128,$3.57,$3.59,$3.557
10/19/2020,$3.48,52125,$3.48,$3.52,$3.46
10/16/2020,$3.45,24009,$3.465,$3.48,$3.43
10/15/2020,$3.43,95212,$3.4076,$3.4425,$3.39
10/14/2020,$3.53,23556,$3.54,$3.56,$3.51
10/13/2020,$3.5,59623,$3.5401,$3.5401,$3.49
10/12/2020,$3.57,10057,$3.6,$3.6,$3.57
10/09/2020,$3.61,10901,$3.615,$3.6595,$3.61
10/08/2020,$3.64,26641,$3.66,$3.66,$3.63
10/07/2020,$3.66,32188,$3.61,$3.66,$3.61
10/06/2020,$3.61,174522,$3.625,$3.64,$3.59
10/05/2020,$3.57,24390,$3.58,$3.6,$3.548
10/02/2020,$3.58,91068,$3.54,$3.61,$3.53
10/01/2020,$3.62,60072,$3.6,$3.65,$3.6
09/30/2020,$3.39,548432,$3.37,$3.43,$3.37
09/29/2020,$3.38,167715,$3.39,$3.4,$3.35
09/28/2020,$3.32,14905,$3.28,$3.33,$3.28
09/25/2020,$3.21,25373,$3.15,$3.21,$3.15
09/24/2020,$3.1516,74226,$3.2,$3.2,$3.137
09/23/2020,$3.26,61987,$3.305,$3.31,$3.23
09/22/2020,$3.305,14664,$3.35,$3.35,$3.2796
09/21/2020,$3.335,59624,$3.39,$3.39,$3.31
09/18/2020,$3.55,14507,$3.533,$3.56,$3.52
09/17/2020,$3.587,123343,$3.564,$3.61,$3.55
09/16/2020,$3.59,59722,$3.61,$3.64,$3.56
09/15/2020,$3.52,154543,$3.57,$3.59,$3.52
09/14/2020,$3.2052,18294,$3.17,$3.22,$3.17
09/11/2020,$3.1875,13605,$3.19,$3.22,$3.17
09/10/2020,$3.18,45449,$3.235,$3.26,$3.17
09/09/2020,$3.1767,169026,$3.17,$3.196,$3.16
09/08/2020,$3.21,60066,$3.185,$3.229,$3.18
09/04/2020,$3.15,65548,$3.12,$3.15,$3.0792
09/03/2020,$3.12,32074,$3.16,$3.16,$3.09
09/02/2020,$3.11,24622,$3.073,$3.11,$3.07
09/01/2020,$3.06,72425,$3.09,$3.09,$3.04
08/31/2020,$3.14,36912,$3.195,$3.2,$3.13
08/28/2020,$3.21,35277,$3.25,$3.25,$3.195
08/27/2020,$3.19,18263,$3.2,$3.2125,$3.18
08/26/2020,$3.22,12718,$3.19,$3.22,$3.19
08/25/2020,$3.2164,68295,$3.21,$3.23,$3.2
08/24/2020,$3.19,29875,$3.15,$3.23,$3.14
08/21/2020,$3.11,15762,$3.08,$3.11,$3.08
08/20/2020,$3.14,10730,$3.12,$3.146,$3.11
08/19/2020,$3.19,124026,$3.21,$3.235,$3.19
08/18/2020,$3.21,95776,$3.24,$3.24,$3.1815
08/17/2020,$3.26,66048,$3.28,$3.28,$3.2396
08/14/2020,$3.26,11368,$3.2768,$3.2768,$3.24
08/13/2020,$3.3764,19295,$3.35,$3.4,$3.35
08/12/2020,$3.37,25855,$3.37,$3.37,$3.33
08/11/2020,$3.35,88540,$3.41,$3.41,$3.35
08/10/2020,$3.27,66168,$3.23,$3.27,$3.22
08/07/2020,$3.11,12502,$3.12,$3.1368,$3.1
08/06/2020,$3.13,21164,$3.13,$3.16,$3.1216
08/05/2020,$3.204,52608,$3.21,$3.22,$3.19
08/04/2020,$3.09,65102,$3.08,$3.1,$3.07
08/03/2020,$3.06,36877,$3.05,$3.07,$3.03
07/31/2020,$3.037,87383,$3.09,$3.09,$3.01
07/30/2020,$3.01,117273,$3.02,$3.025,$2.98
07/29/2020,$3.11,50756,$3.09,$3.15,$3.08
07/28/2020,$3.04,63014,$3.045,$3.065,$3.03
07/27/2020,$3.03,54512,$3.046,$3.06,$3.02
07/24/2020,$2.98,30126,$2.99,$3.01,$2.97
07/23/2020,$2.99,12970,$3.01,$3.02,$2.98
07/22/2020,$2.99,23005,$2.99,$3.02,$2.98
07/21/2020,$3.01,74814,$3.01,$3.03,$3
07/20/2020,$2.941,105939,$2.9196,$2.95,$2.9196
07/17/2020,$2.945,67881,$2.95,$2.96,$2.93
07/16/2020,$2.95,29007,$2.99,$2.99,$2.95
07/15/2020,$3.02,32570,$2.99,$3.03,$2.99
07/14/2020,$2.92,21634,$2.935,$2.94,$2.92
07/13/2020,$2.943,14971,$2.97,$3,$2.94
07/10/2020,$2.94,14043,$2.91,$2.96,$2.91
07/09/2020,$2.9057,20045,$2.95,$2.95,$2.9
07/08/2020,$2.954,97902,$2.96,$2.97,$2.93
07/07/2020,$2.94,278260,$2.99,$2.99,$2.94
07/06/2020,$3.01,45888,$3.029,$3.04,$3.01
07/02/2020,$2.96,72416,$2.98,$3.005,$2.93
07/01/2020,$2.88,79430,$2.85,$2.91,$2.85
06/30/2020,$2.84,174029,$2.79,$2.91,$2.77
06/29/2020,$2.82,748221,$2.86,$2.86,$2.81
06/26/2020,$2.87,31434,$2.94,$2.94,$2.87
06/25/2020,$3.05,19904,$2.99,$3.09,$2.99
06/24/2020,$2.98,8497,$3,$3,$2.97
06/23/2020,$3.07,21204,$3.09,$3.09,$3.05
06/22/2020,$2.95,53764,$2.96,$2.96,$2.93
06/19/2020,$2.98,58007,$2.98,$3.05,$2.978
06/18/2020,$2.98,14394,$3.02,$3.02,$2.98
06/17/2020,$3.09,66492,$3.07,$3.11,$3.05
06/16/2020,$3.12,12815,$3.16,$3.16,$3.077
06/15/2020,$3.07,45732,$2.97,$3.1,$2.97
06/12/2020,$3.05,22936,$3.09,$3.1,$2.99
06/11/2020,$3,38418,$3.1,$3.13,$2.99
06/10/2020,$3.33,24031,$3.345,$3.345,$3.29
06/09/2020,$3.41,74962,$3.44,$3.49,$3.41
06/08/2020,$3.55,27959,$3.57,$3.58,$3.52
06/05/2020,$3.585,81625,$3.53,$3.62,$3.53
06/04/2020,$3.36,56029,$3.34,$3.398,$3.33
06/03/2020,$3.35,94180,$3.3,$3.35,$3.3
06/02/2020,$3.25,441765,$3.21,$3.25,$3.21
06/01/2020,$3.1,191584,$3.04,$3.12,$3.04
05/29/2020,$2.95,65525,$3,$3,$2.94
05/28/2020,$2.97,411271,$2.96,$3.03,$2.95
05/27/2020,$2.94,184434,$2.93,$2.94,$2.88
05/26/2020,$2.71,52736,$2.73,$2.75,$2.71
05/22/2020,$2.625,20532,$2.63,$2.64,$2.6
05/21/2020,$2.63,67551,$2.65,$2.675,$2.63
05/20/2020,$2.64,97342,$2.6,$2.69,$2.6
05/19/2020,$2.62,545842,$2.6328,$2.67,$2.62
05/18/2020,$2.6042,351528,$2.53,$2.62,$2.52
05/15/2020,$2.376,42095,$2.39,$2.39,$2.36
05/14/2020,$2.41,60674,$2.37,$2.4108,$2.3316
05/13/2020,$2.4522,146495,$2.54,$2.54,$2.43
05/12/2020,$2.62,124814,$2.64,$2.72,$2.62
05/11/2020,$2.6,29280,$2.59,$2.64,$2.58
05/08/2020,$2.67,43064,$2.63,$2.67,$2.63
05/07/2020,$2.6,135766,$2.63,$2.636,$2.6
05/06/2020,$2.5,64319,$2.54,$2.5616,$2.5
05/05/2020,$2.502,122640,$2.53,$2.54,$2.5
05/04/2020,$2.55,39481,$2.55,$2.57,$2.53
05/01/2020,$2.655,82942,$2.65,$2.69,$2.64
04/30/2020,$2.6975,124831,$2.7,$2.72,$2.68
04/29/2020,$2.82,64701,$2.77,$2.82,$2.76
04/28/2020,$2.622,129802,$2.64,$2.69,$2.62
04/27/2020,$2.55,296547,$2.5,$2.56,$2.5
04/24/2020,$2.46,71406,$2.46,$2.48,$2.43
04/23/2020,$2.48,99246,$2.49,$2.52,$2.45
04/22/2020,$2.482,233442,$2.51,$2.51,$2.45
04/21/2020,$2.535,127444,$2.52,$2.57,$2.5
04/20/2020,$2.62,136284,$2.615,$2.67,$2.61
04/17/2020,$2.67,127821,$2.67,$2.69,$2.64
04/16/2020,$2.49,86328,$2.54,$2.54,$2.48
04/15/2020,$2.61,103175,$2.65,$2.65,$2.549
04/14/2020,$2.75,516063,$2.725,$2.81,$2.66
04/13/2020,$2.699,94152,$2.79,$2.79,$2.68
04/09/2020,$2.76,232870,$2.63,$2.79,$2.63
04/08/2020,$2.71,182534,$2.71,$2.71,$2.65
04/07/2020,$2.63,451158,$2.69,$2.72,$2.586
04/06/2020,$2.44,474332,$2.39,$2.46,$2.385
04/03/2020,$2.2,715041,$2.21,$2.24,$2.16
04/02/2020,$2.24,195958,$2.25,$2.272,$2.19
04/01/2020,$2.3715,535179,$2.42,$2.43,$2.37
03/31/2020,$2.51,307671,$2.463,$2.54,$2.45
03/30/2020,$2.37,341362,$2.35,$2.41,$2.3145
03/27/2020,$2.445,231516,$2.433,$2.49,$2.42
03/26/2020,$2.59,166186,$2.52,$2.59,$2.47
03/25/2020,$2.61,111226,$2.4175,$2.66,$2.4175
03/24/2020,$2.37,301066,$2.24,$2.4,$2.24
03/23/2020,$2.08,215476,$2.05,$2.12,$2.03
03/20/2020,$2.095,118894,$2.27,$2.27,$2.01
03/19/2020,$2.11,156903,$2.062,$2.18,$2.06
03/18/2020,$1.95,183299,$1.92,$2.05,$1.88
03/17/2020,$2.22,186720,$2.2,$2.322,$2.15
03/16/2020,$2.4,134249,$2.33,$2.48,$2.31
03/13/2020,$2.86,265882,$2.78,$2.86,$2.63
03/12/2020,$2.641,164820,$2.75,$2.75,$2.558
03/11/2020,$3.07,117764,$3.25,$3.25,$3.051
03/10/2020,$3.31,119253,$3.355,$3.355,$3.21
03/09/2020,$3.32,74348,$3.22,$3.42,$3.22
03/06/2020,$3.5,64421,$3.49,$3.56,$3.45
03/05/2020,$3.5464,51533,$3.6,$3.6065,$3.54
03/04/2020,$3.76,131503,$3.7,$3.76,$3.67
03/03/2020,$3.63,161729,$3.65,$3.706,$3.61
03/02/2020,$3.64,97208,$3.59,$3.64,$3.57
02/28/2020,$3.55,144430,$3.52,$3.58,$3.48
02/27/2020,$3.67,53423,$3.65,$3.71,$3.62
02/26/2020,$3.7595,63397,$3.78,$3.8,$3.75
02/25/2020,$3.76,91215,$3.85,$3.85,$3.76
02/24/2020,$3.865,45811,$3.844,$3.88,$3.843
02/21/2020,$4.15,25458,$4.16,$4.16,$4.14
02/20/2020,$4.1,28089,$4.09,$4.11,$4.085
02/19/2020,$4.09,33114,$4.1,$4.11,$4.08
02/18/2020,$4.08,22464,$4.1,$4.1,$4.07
02/14/2020,$4.16,19741,$4.19,$4.19,$4.14
02/13/2020,$4.121,80254,$4.096,$4.17,$4.09
02/12/2020,$4.19,50698,$4.17,$4.19,$4.17
02/11/2020,$4.16,81957,$4.185,$4.19,$4.15
02/10/2020,$4.19,60162,$4.16,$4.19,$4.16
02/07/2020,$4.165,15785,$4.2,$4.2,$4.165
02/06/2020,$4.27,29548,$4.29,$4.29,$4.27
02/05/2020,$4.29,38613,$4.305,$4.31,$4.27
02/04/2020,$4.32,36230,$4.31,$4.33,$4.31
02/03/2020,$4.26,24230,$4.26,$4.27,$4.25
01/31/2020,$4.3482,44909,$4.344,$4.36,$4.32
01/30/2020,$4.265,28880,$4.19,$4.28,$4.19
01/29/2020,$3.87,35852,$3.91,$3.91,$3.87
01/28/2020,$3.91,43702,$3.84,$3.91,$3.84
01/27/2020,$3.7982,32994,$3.79,$3.81,$3.77
01/24/2020,$3.88,376692,$3.91,$3.92,$3.87
01/23/2020,$3.9,32174,$3.9,$3.91,$3.87
01/22/2020,$3.88,19187,$3.873,$3.88,$3.87
01/21/2020,$3.84,17926,$3.83,$3.85,$3.83
01/17/2020,$3.84,17310,$3.83,$3.85,$3.83
01/16/2020,$3.84,13458,$3.84,$3.85,$3.83
01/15/2020,$3.815,13383,$3.81,$3.83,$3.81
01/14/2020,$3.86,17176,$3.86,$3.87,$3.85
01/13/2020,$3.865,19926,$3.85,$3.88,$3.84
01/10/2020,$3.84,20615,$3.83,$3.86,$3.83
01/09/2020,$3.955,18420,$3.95,$3.96,$3.945
01/08/2020,$4.04,35787,$4.02,$4.04,$4.02
01/07/2020,$4.02,42375,$4,$4.03,$4
01/06/2020,$3.99,12106,$4.01,$4.01,$3.97
01/03/2020,$4,49634,$4,$4.01,$3.971
01/02/2020,$4.075,21605,$4.07,$4.08,$4.05
12/31/2019,$4.01,7455,$3.96,$4.06,$3.96
12/30/2019,$4.04,34326,$4.06,$4.06,$4.008
12/27/2019,$4.075,19697,$4.07,$4.09,$4.07
12/26/2019,$4.06,11121,$4.05,$4.06,$3.99
12/24/2019,$4.02,33410,$4.01,$4.05,$3.98
12/23/2019,$4.03,58278,$4.01,$4.04,$4.01
12/20/2019,$4.05,12925,$4.06,$4.06,$4.03
12/19/2019,$4.04,25316,$4.035,$4.05,$4.022
12/18/2019,$4.05,53346,$4.03,$4.056,$4.03
12/17/2019,$4.025,72524,$4.02,$4.05,$4.01
12/16/2019,$4.095,121728,$4.066,$4.1,$4.05
12/13/2019,$4.02,45351,$4.05,$4.05,$3.99
12/12/2019,$4.03,56365,$4.01,$4.04,$4.01
12/11/2019,$4.055,33928,$4.02,$4.06,$4.02
12/10/2019,$3.98,42846,$3.96,$3.99,$3.96
12/09/2019,$4.015,64903,$4.03,$4.04,$4.01
12/06/2019,$3.99,23119,$3.99,$4,$3.97
12/05/2019,$3.97,102102,$3.96,$3.98,$3.95
12/04/2019,$3.928,43289,$3.91,$3.93,$3.91
12/03/2019,$3.85,352997,$3.83,$3.85,$3.81
12/02/2019,$3.775,75199,$3.83,$3.832,$3.77
11/29/2019,$3.81,22891,$3.85,$3.85,$3.8
11/27/2019,$3.79,48932,$3.77,$3.8,$3.77
11/26/2019,$3.77,52243,$3.76,$3.78,$3.76
11/25/2019,$3.78,23663,$3.78,$3.78,$3.76
11/22/2019,$3.74,33356,$3.71,$3.74,$3.71
11/21/2019,$3.72,25026,$3.727,$3.727,$3.7
11/20/2019,$3.66,38446,$3.695,$3.71,$3.65
11/19/2019,$3.75,12144,$3.765,$3.765,$3.74
11/18/2019,$3.806,46641,$3.78,$3.81,$3.78
11/15/2019,$3.785,61354,$3.76,$3.79,$3.76
11/14/2019,$3.761,66938,$3.76,$3.78,$3.75
11/13/2019,$3.82,19854,$3.83,$3.83,$3.8
11/12/2019,$3.83,13415,$3.84,$3.85,$3.82
11/11/2019,$3.83,43172,$3.798,$3.83,$3.79
11/08/2019,$3.88,54835,$3.88,$3.94,$3.84
11/07/2019,$4.02,8950,$4.032,$4.035,$3.98
11/06/2019,$4.045,8482,$4.058,$4.06,$4.03
11/05/2019,$4.05,20544,$4.05,$4.06,$4.04
11/04/2019,$4.125,12302,$4.155,$4.17,$4.12
11/01/2019,$4.145,13377,$4.13,$4.17,$4.11
10/31/2019,$4.115,218483,$4.12,$4.13,$4.11
10/30/2019,$4.13,138957,$4.15,$4.15,$4.11
10/29/2019,$4.16,38165,$4.16,$4.16,$4.13
10/28/2019,$4.2225,18513,$4.21,$4.23,$4.21
10/25/2019,$4.2,101271,$4.2,$4.21,$4.17
10/24/2019,$4.22,16582,$4.25,$4.25,$4.21
10/23/2019,$4.27,28852,$4.21,$4.27,$4.21
10/22/2019,$4.25,68677,$4.23,$4.27,$4.23
10/21/2019,$4.175,62731,$4.22,$4.22,$4.17
10/18/2019,$4.25,81377,$4.22,$4.25,$4.2
10/17/2019,$4.17,21149,$4.14,$4.18,$4.14
10/16/2019,$4.17,31736,$4.156,$4.19,$4.156
10/15/2019,$4.15,36149,$4.13,$4.18,$4.13
10/14/2019,$4.1,17397,$4.08,$4.11,$4.08
10/11/2019,$4.025,22115,$4.02,$4.04,$4.01
10/10/2019,$4.05,11987,$4.04,$4.0785,$4.04
10/09/2019,$3.99,11241,$3.95,$4.01,$3.95
10/08/2019,$3.976,27183,$3.96,$3.98,$3.95
10/07/2019,$3.97,17876,$4,$4,$3.97
10/04/2019,$3.88,145738,$3.81,$3.9,$3.81
10/03/2019,$3.845,23223,$3.86,$3.88,$3.82
10/02/2019,$3.675,29363,$3.7,$3.7,$3.66
10/01/2019,$3.79,41362,$3.78,$3.8,$3.77
09/30/2019,$3.81,32591,$3.85,$3.85,$3.81
09/27/2019,$3.846,9878,$3.865,$3.89,$3.84
09/26/2019,$3.83,7203,$3.83,$3.84,$3.81
09/25/2019,$3.805,256724,$3.77,$3.81,$3.77
09/24/2019,$3.81,111728,$3.825,$3.83,$3.79
09/23/2019,$3.78,26790,$3.75,$3.79,$3.75
09/20/2019,$3.82,6919,$3.85,$3.855,$3.82
09/19/2019,$3.845,15947,$3.83,$3.86,$3.83
09/18/2019,$3.79,8419,$3.79,$3.83,$3.79
09/17/2019,$3.795,10856,$3.785,$3.8,$3.78
09/16/2019,$3.75,4963,$3.74,$3.78,$3.74
09/13/2019,$3.92,17039,$3.88,$3.93,$3.88
09/12/2019,$3.89,22952,$3.86,$3.91,$3.851
09/11/2019,$3.88,200740,$3.85,$3.88,$3.826
09/10/2019,$3.935,65909,$3.91,$3.96,$3.9012
09/09/2019,$3.85,42916,$3.88,$3.88,$3.84
09/06/2019,$3.905,64620,$3.92,$3.93,$3.9
09/05/2019,$3.832,49511,$3.795,$3.84,$3.79
09/04/2019,$3.74,267204,$3.77,$3.784,$3.73
09/03/2019,$3.75,65560,$3.69,$3.75,$3.69
08/30/2019,$3.76,15909,$3.825,$3.825,$3.755
08/29/2019,$3.78,251684,$3.81,$3.81,$3.78
08/28/2019,$3.84,93588,$3.83,$3.84,$3.81
08/27/2019,$3.66,51665,$3.685,$3.7,$3.66
08/26/2019,$3.67,13277,$3.67,$3.69,$3.65
08/23/2019,$3.67,11925,$3.68,$3.68,$3.61
08/22/2019,$3.665,47963,$3.655,$3.68,$3.6394
08/21/2019,$3.66,41141,$3.65,$3.66,$3.624
08/20/2019,$3.575,23414,$3.57,$3.59,$3.56
08/19/2019,$3.55,27834,$3.536,$3.59,$3.536
08/16/2019,$3.435,12248,$3.44,$3.45,$3.42
08/15/2019,$3.36,31259,$3.4,$3.4,$3.35
08/14/2019,$3.395,12425,$3.43,$3.44,$3.39
08/13/2019,$3.57,23917,$3.55,$3.57,$3.5375
08/12/2019,$3.48,13055,$3.49,$3.5,$3.47
08/09/2019,$3.5,22580,$3.53,$3.55,$3.5
08/08/2019,$3.51,49501,$3.47,$3.51,$3.47
08/07/2019,$3.41,43307,$3.364,$3.42,$3.364
08/06/2019,$3.36,27759,$3.34,$3.38,$3.34
08/05/2019,$3.352,7879,$3.336,$3.37,$3.32
08/02/2019,$3.42,32432,$3.46,$3.46,$3.39
08/01/2019,$3.5,26155,$3.51,$3.56,$3.48
07/31/2019,$3.45,139087,$3.47,$3.48,$3.39
07/30/2019,$3.47,48117,$3.48,$3.48,$3.45
07/29/2019,$3.53,43708,$3.54,$3.54,$3.53
07/26/2019,$3.53,42349,$3.525,$3.54,$3.52
07/25/2019,$3.51,20366,$3.51,$3.53,$3.5
07/24/2019,$3.51,10922,$3.5,$3.52,$3.5
07/23/2019,$3.53,36429,$3.525,$3.54,$3.52
07/22/2019,$3.52,21252,$3.56,$3.56,$3.51
07/19/2019,$3.54,14908,$3.54,$3.562,$3.52
07/18/2019,$3.52,17104,$3.52,$3.54,$3.51
07/17/2019,$3.54,12706,$3.57,$3.57,$3.53
07/16/2019,$3.5685,17251,$3.565,$3.58,$3.54
07/15/2019,$3.55,18925,$3.57,$3.57,$3.55
07/12/2019,$3.57,46952,$3.58,$3.58,$3.56
07/11/2019,$3.58,8405,$3.58,$3.58,$3.55
07/10/2019,$3.58,72706,$3.58,$3.58,$3.54
07/09/2019,$3.52,80498,$3.53,$3.55,$3.52
07/08/2019,$3.53,129329,$3.535,$3.55,$3.51
07/05/2019,$3.52,12841,$3.505,$3.53,$3.49
07/03/2019,$3.515,21082,$3.53,$3.53,$3.51
07/02/2019,$3.535,10372,$3.55,$3.554,$3.52
07/01/2019,$3.495,60967,$3.5,$3.52,$3.48
06/28/2019,$3.5,23977,$3.54,$3.55,$3.5
06/27/2019,$3.525,96553,$3.5,$3.54,$3.48
06/26/2019,$3.07,78668,$3.06,$3.09,$3.06
06/25/2019,$3.07,37004,$3.106,$3.106,$3.05
06/24/2019,$3.096,49540,$3.11,$3.12,$3.09
06/21/2019,$3.06,91420,$3.03,$3.08,$3.03
06/20/2019,$3.06,47529,$3.054,$3.08,$3.03
06/19/2019,$3.08,53544,$3.06,$3.08,$3.03
06/18/2019,$3.1,156126,$3.11,$3.14,$3.1
06/17/2019,$3.062,74304,$3.11,$3.11,$3.05
06/14/2019,$3.205,65428,$3.21,$3.22,$3.18
06/13/2019,$3.142,22248,$3.16,$3.167,$3.14
06/12/2019,$3.18,102921,$3.185,$3.2,$3.16
06/11/2019,$3.14,80861,$3.15,$3.16,$3.13
06/10/2019,$3.12,44501,$3.13,$3.15,$3.12
06/07/2019,$3.13,33789,$3.129,$3.15,$3.105
06/06/2019,$3.09,37035,$3.04,$3.12,$3.04
06/05/2019,$3.065,23395,$3.06,$3.09,$3.05
06/04/2019,$3.052,168477,$3.03,$3.06,$3.03
06/03/2019,$2.99,90469,$2.94,$3,$2.94
05/31/2019,$2.94,55936,$2.94,$3,$2.924
05/30/2019,$3.09,46311,$3.14,$3.14,$3.09
05/29/2019,$3.09,53183,$3.06,$3.1,$3.06
05/28/2019,$3.105,185548,$3.11,$3.14,$3.09
05/24/2019,$3.105,90434,$3.09,$3.13,$3.08
05/23/2019,$3.02,89015,$3.025,$3.044,$3
05/22/2019,$3.145,21351,$3.14,$3.16,$3.124
05/21/2019,$3.18,131256,$3.155,$3.19,$3.15
05/20/2019,$3.15,19376,$3.18,$3.18,$3.15
05/17/2019,$3.26,72240,$3.285,$3.29,$3.24
05/16/2019,$3.255,37580,$3.24,$3.27,$3.24
05/15/2019,$3.26,142163,$3.218,$3.26,$3.21
05/14/2019,$3.244,78844,$3.2,$3.26,$3.2
05/13/2019,$3.15,38973,$3.18,$3.2,$3.15
05/10/2019,$3.3,20304,$3.25,$3.3,$3.22
05/09/2019,$3.282,41609,$3.24,$3.29,$3.22
05/08/2019,$3.34,112773,$3.31,$3.35,$3.3
05/07/2019,$3.43,11032,$3.39,$3.44,$3.39
05/06/2019,$3.45,15710,$3.44,$3.48,$3.434
05/03/2019,$3.515,13895,$3.53,$3.53,$3.5
05/02/2019,$3.445,16912,$3.45,$3.47,$3.43
05/01/2019,$3.425,16062,$3.49,$3.49,$3.42
04/30/2019,$3.46,29701,$3.47,$3.49,$3.43
04/29/2019,$3.46,20040,$3.44,$3.46,$3.433
04/26/2019,$3.47,25542,$3.49,$3.5,$3.46
04/25/2019,$3.47,24060,$3.44,$3.47,$3.42
04/24/2019,$3.435,95149,$3.44,$3.46,$3.42
04/23/2019,$3.47,64309,$3.464,$3.49,$3.46
04/22/2019,$3.56,38533,$3.5,$3.61,$3.5
04/18/2019,$3.56,18116,$3.55,$3.57,$3.53
04/17/2019,$3.53,106885,$3.52,$3.55,$3.51
04/16/2019,$3.505,23638,$3.49,$3.51,$3.49
04/15/2019,$3.46,54508,$3.45,$3.48,$3.44
04/12/2019,$3.44,32401,$3.4212,$3.47,$3.4212
04/11/2019,$3.45,95459,$3.48,$3.48,$3.41
04/10/2019,$3.48,113221,$3.45,$3.49,$3.45
04/09/2019,$3.44,346139,$3.48,$3.48,$3.42
04/08/2019,$3.515,109157,$3.51,$3.53,$3.5
04/05/2019,$3.46,59883,$3.44,$3.46,$3.44
04/04/2019,$3.47,93796,$3.46,$3.47,$3.43
04/03/2019,$3.39,359268,$3.374,$3.41,$3.365
04/02/2019,$3.27,211556,$3.276,$3.28,$3.24
04/01/2019,$3.29,1000304,$3.26,$3.29,$3.26
03/29/2019,$3.285,98444,$3.35,$3.36,$3.26
03/28/2019,$3,67600,$2.98,$3.01,$2.97
03/27/2019,$2.98,73979,$2.95,$3,$2.95
03/26/2019,$2.915,563586,$2.93,$2.93,$2.89
03/25/2019,$2.93,41387,$2.9,$2.95,$2.9
03/22/2019,$2.895,36159,$2.87,$2.9,$2.86
03/21/2019,$2.93,47007,$2.945,$2.945,$2.91
03/20/2019,$3,59524,$2.96,$3.02,$2.96
03/19/2019,$2.94,157140,$2.96,$2.98,$2.94
03/18/2019,$2.93,40182,$2.92,$2.95,$2.91
03/15/2019,$2.9,52556,$2.89,$2.91,$2.88
03/14/2019,$3.015,45149,$3,$3.03,$2.992
03/13/2019,$2.925,46485,$2.88,$2.93,$2.88
03/12/2019,$2.83,227419,$2.868,$2.87,$2.83
03/11/2019,$2.895,57471,$2.86,$2.91,$2.855
03/08/2019,$2.82,51506,$2.82,$2.8476,$2.81
03/07/2019,$2.82,73384,$2.83,$2.84,$2.8
03/06/2019,$2.84,215816,$2.86,$2.88,$2.84
03/05/2019,$2.905,118294,$2.875,$2.92,$2.875
03/04/2019,$2.87,41467,$2.9,$2.9,$2.85
03/01/2019,$2.935,61006,$2.95,$2.97,$2.935
02/28/2019,$3.025,121482,$2.96,$3.07,$2.96
02/27/2019,$2.93,217938,$2.95,$2.96,$2.92
02/26/2019,$2.965,179447,$2.94,$2.99,$2.932
02/25/2019,$2.925,87527,$2.93,$2.93,$2.902
02/22/2019,$2.945,34802,$2.944,$2.96,$2.93
02/21/2019,$2.94,52330,$2.95,$2.95,$2.93
02/20/2019,$2.97,174565,$2.94,$2.98,$2.94
02/19/2019,$2.94,85172,$2.88,$2.94,$2.88
02/15/2019,$2.9,73963,$2.88,$2.91,$2.87
02/14/2019,$2.94,56083,$2.97,$2.97,$2.92
02/13/2019,$3,35921,$3.02,$3.03,$2.99
02/12/2019,$3.015,370053,$3,$3.03,$2.98
02/11/2019,$2.97,46838,$2.96,$2.97,$2.95
02/08/2019,$2.92,22952,$2.895,$2.93,$2.89
02/07/2019,$2.925,66421,$2.97,$2.97,$2.91
02/06/2019,$3.035,39265,$3.07,$3.07,$3.02
02/05/2019,$3.15,103155,$3.13,$3.16,$3.13
02/04/2019,$3.065,55523,$3.05,$3.08,$3.05
02/01/2019,$3.08,56677,$3.08,$3.08,$3.06
01/31/2019,$3.07,115448,$3.02,$3.08,$3.02
01/30/2019,$3.005,62766,$2.96,$3.02,$2.95
01/29/2019,$3.015,197971,$2.995,$3.03,$2.99
01/28/2019,$2.88,78149,$2.93,$2.93,$2.87
01/25/2019,$2.91,695986,$2.89,$2.92,$2.89
01/24/2019,$2.9,202412,$2.9,$2.912,$2.88
01/23/2019,$2.92,184958,$2.92,$2.92,$2.89
01/22/2019,$2.925,63955,$2.929,$2.94,$2.91
01/18/2019,$2.97,118958,$2.99,$3,$2.95
01/17/2019,$2.925,343337,$2.9,$2.95,$2.9
01/16/2019,$2.915,116412,$2.93,$2.94,$2.9
01/15/2019,$2.88,207562,$2.87,$2.89,$2.86
01/14/2019,$2.905,181497,$2.905,$2.92,$2.89
01/11/2019,$2.995,538739,$2.96,$3.01,$2.95
01/10/2019,$2.985,86312,$2.98,$3,$2.97
01/09/2019,$2.975,161447,$2.96,$2.99,$2.95
01/08/2019,$2.96,358028,$2.94,$2.97,$2.92
01/07/2019,$2.885,168218,$2.86,$2.9,$2.85
01/04/2019,$2.87,69487,$2.82,$2.88,$2.82
01/03/2019,$2.755,287645,$2.79,$2.79,$2.74
01/02/2019,$2.77,97624,$2.77,$2.81,$2.76
12/31/2018,$2.74,997622,$2.74,$2.79,$2.74
12/28/2018,$2.74,312871,$2.77,$2.79,$2.74
12/27/2018,$2.73,388640,$2.74,$2.744,$2.7
12/26/2018,$2.75,384738,$2.81,$2.81,$2.75
12/24/2018,$2.74,90078,$2.758,$2.77,$2.72
12/21/2018,$2.75,392601,$2.81,$2.82,$2.75
12/20/2018,$2.9,194024,$2.91,$2.92,$2.86
12/19/2018,$2.91,123969,$2.99,$2.99,$2.9
12/18/2018,$2.99,213087,$3.07,$3.0805,$2.99
12/17/2018,$3.09,61232,$3.08,$3.12,$3.05
12/14/2018,$3.37,89943,$3.3695,$3.41,$3.3695
12/13/2018,$3.375,58543,$3.382,$3.39,$3.356
12/12/2018,$3.415,50786,$3.42,$3.436,$3.41
12/11/2018,$3.535,120225,$3.57,$3.57,$3.52
12/10/2018,$3.45,71949,$3.46,$3.478,$3.43
12/07/2018,$3.45,59362,$3.49,$3.5,$3.44
12/06/2018,$3.47,318338,$3.47,$3.49,$3.44
12/04/2018,$3.545,729833,$3.61,$3.62,$3.54
12/03/2018,$3.62,473115,$3.58,$3.62,$3.57
11/30/2018,$3.63,26659,$3.65,$3.67,$3.62
11/29/2018,$3.68,42610,$3.688,$3.7,$3.66
11/28/2018,$3.68,303950,$3.63,$3.7,$3.62
11/27/2018,$3.625,136559,$3.62,$3.64,$3.598
11/26/2018,$3.59,91788,$3.57,$3.6,$3.56
11/23/2018,$3.6,21431,$3.6,$3.63,$3.6
11/21/2018,$3.59,73472,$3.58,$3.615,$3.58
11/20/2018,$3.47,80296,$3.48,$3.49,$3.43
11/19/2018,$3.505,149330,$3.51,$3.53,$3.49
11/16/2018,$3.49,68597,$3.45,$3.51,$3.45
11/15/2018,$3.395,73240,$3.38,$3.42,$3.378
11/14/2018,$3.38,94548,$3.405,$3.405,$3.35
11/13/2018,$3.34,722015,$3.33,$3.37,$3.3
11/12/2018,$3.28,126425,$3.32,$3.32,$3.28
11/09/2018,$3.375,21014,$3.39,$3.42,$3.35
11/08/2018,$3.47,52594,$3.51,$3.51,$3.45
11/07/2018,$3.49,71653,$3.48,$3.52,$3.48
11/06/2018,$3.4,78764,$3.39,$3.41,$3.38
11/05/2018,$3.475,164580,$3.47,$3.48,$3.464
11/02/2018,$3.475,53819,$3.495,$3.5,$3.46
11/01/2018,$3.465,126833,$3.47,$3.48,$3.44
10/31/2018,$3.47,40464,$3.47,$3.49,$3.46
10/30/2018,$3.445,124404,$3.41,$3.48,$3.41
10/29/2018,$3.4,87210,$3.43,$3.44,$3.38
10/26/2018,$3.37,99697,$3.38,$3.38,$3.34
10/25/2018,$3.449,111950,$3.43,$3.47,$3.43
10/24/2018,$3.46,111495,$3.52,$3.53,$3.44
10/23/2018,$3.49,351790,$3.482,$3.5,$3.424
10/22/2018,$3.57,31749,$3.57,$3.59,$3.55
10/19/2018,$3.585,41573,$3.62,$3.62,$3.57
10/18/2018,$3.525,149885,$3.54,$3.55,$3.51
10/17/2018,$3.63,120436,$3.614,$3.64,$3.61
10/16/2018,$3.655,218077,$3.633,$3.67,$3.63
10/15/2018,$3.595,36801,$3.55,$3.61,$3.54
10/12/2018,$3.55,149861,$3.57,$3.57,$3.5
10/11/2018,$3.575,146035,$3.62,$3.63,$3.5201
10/10/2018,$3.67,131917,$3.73,$3.73,$3.67
10/09/2018,$3.69,361070,$3.64,$3.7,$3.62
10/08/2018,$3.68,76966,$3.66,$3.69,$3.66
10/05/2018,$3.68,211958,$3.68,$3.697,$3.66
10/04/2018,$3.67,115532,$3.6401,$3.7,$3.6401
10/03/2018,$3.68,589316,$3.695,$3.695,$3.664
10/02/2018,$3.585,246389,$3.58,$3.6,$3.55
10/01/2018,$3.595,218261,$3.63,$3.63,$3.58
09/28/2018,$3.65,105292,$3.61,$3.66,$3.61
09/27/2018,$3.675,180562,$3.68,$3.7,$3.67
09/26/2018,$3.325,87305,$3.3,$3.35,$3.3
09/25/2018,$3.31,227048,$3.31,$3.33,$3.29
09/24/2018,$3.33,82909,$3.34,$3.36,$3.32
09/21/2018,$3.245,89847,$3.22,$3.26,$3.22
09/20/2018,$3.2,233580,$3.18,$3.21,$3.17
09/19/2018,$3.135,104769,$3.13,$3.14,$3.12
09/18/2018,$3.13,380800,$3.11,$3.15,$3.11
09/17/2018,$3.165,389095,$3.17,$3.19,$3.11
09/14/2018,$2.67,77332,$2.66,$2.7,$2.65
09/13/2018,$2.695,129665,$2.68,$2.7,$2.68
09/12/2018,$2.69,124511,$2.65,$2.72,$2.65
09/11/2018,$2.64,465182,$2.63,$2.65,$2.6
09/10/2018,$2.665,154493,$2.67,$2.68,$2.65
09/07/2018,$2.615,131111,$2.63,$2.63,$2.6
09/06/2018,$2.645,136371,$2.66,$2.66,$2.64
09/05/2018,$2.63,486076,$2.66,$2.66,$2.63
09/04/2018,$2.64,70838,$2.6,$2.65,$2.6
08/31/2018,$2.63,232053,$2.66,$2.66,$2.63
08/30/2018,$2.69,139035,$2.69,$2.7,$2.65
08/29/2018,$2.83,117647,$2.82,$2.83,$2.8
08/28/2018,$2.815,178565,$2.83,$2.83,$2.8
08/27/2018,$2.865,83929,$2.855,$2.88,$2.855
08/24/2018,$2.82,140049,$2.8,$2.82,$2.79
08/23/2018,$2.8,277954,$2.805,$2.81,$2.78
08/22/2018,$2.805,68486,$2.798,$2.83,$2.79
08/21/2018,$2.765,297095,$2.75,$2.78,$2.74
08/20/2018,$2.74,117020,$2.74,$2.75,$2.72
08/17/2018,$2.76,80362,$2.73,$2.78,$2.73
08/16/2018,$2.71,667918,$2.72,$2.72,$2.7
08/15/2018,$2.69,342465,$2.7425,$2.7425,$2.66
08/14/2018,$2.755,382206,$2.78,$2.79,$2.75
08/13/2018,$2.75,146244,$2.77,$2.78,$2.74
08/10/2018,$2.81,101255,$2.81,$2.82,$2.79
08/09/2018,$2.91,82948,$2.92,$2.93,$2.9
08/08/2018,$2.925,99157,$2.93,$2.94,$2.91
08/07/2018,$2.91,159261,$2.91,$2.93,$2.91
08/06/2018,$2.91,75784,$2.91,$2.93,$2.9
08/03/2018,$2.95,48469,$2.92,$2.95,$2.92
08/02/2018,$2.92,61648,$2.92,$2.93,$2.91
08/01/2018,$2.99,57701,$2.98,$2.99,$2.97
07/31/2018,$3.065,58848,$3.073,$3.09,$3.05
07/30/2018,$3.135,58893,$3.12,$3.15,$3.12
07/27/2018,$3.09,43561,$3.06,$3.1,$3.06
07/26/2018,$3.09,82825,$3.1,$3.14,$3.08
07/25/2018,$3.12,46432,$3.08,$3.12,$3.07
07/24/2018,$3.06,123246,$3.09,$3.09,$3.06
07/23/2018,$3.075,63524,$3.07,$3.09,$3.06
07/20/2018,$3.09,24911,$3.068,$3.09,$3.06
07/19/2018,$3.04,60699,$3.019,$3.06,$3.01
07/18/2018,$3.055,288984,$3.05,$3.07,$3.02
07/17/2018,$3.045,144626,$3.05,$3.074,$3.04
07/16/2018,$3.035,81455,$3.03,$3.06,$3.03
07/13/2018,$3.06,70822,$3.07,$3.09,$3.06
07/12/2018,$3.115,52428,$3.1,$3.13,$3.09
07/11/2018,$3.11,93250,$3.13,$3.14,$3.09
07/10/2018,$3.185,186902,$3.2,$3.2,$3.17
07/09/2018,$3.235,120611,$3.21,$3.24,$3.2
07/06/2018,$3.155,118141,$3.15,$3.17,$3.13
07/05/2018,$3.085,69002,$3.11,$3.12,$3.08
07/03/2018,$3.08,55496,$3.07,$3.09,$3.07
07/02/2018,$2.97,403359,$2.967,$3.01,$2.96
06/29/2018,$2.935,96905,$2.9,$2.95,$2.89
06/28/2018,$2.99,89974,$3.01,$3.01,$2.97
06/27/2018,$2.935,494915,$2.99,$3.015,$2.93
06/26/2018,$3.045,118041,$3.07,$3.07,$3.03
06/25/2018,$3.06,215875,$3.095,$3.095,$3.04
06/22/2018,$3.095,163219,$3.1,$3.1,$3.05
06/21/2018,$3.07,72866,$3.05,$3.07,$3.04
06/20/2018,$3.07,206226,$3.07,$3.082,$3.048
06/19/2018,$3.05,157233,$2.97,$3.07,$2.97
06/18/2018,$2.945,331384,$2.94,$2.96,$2.93
06/15/2018,$3.005,67084,$3.006,$3.02,$2.9838
06/14/2018,$3.17,120997,$3.16,$3.21,$3.15
06/13/2018,$3.3,141705,$3.32,$3.33,$3.28
06/12/2018,$3.295,367544,$3.26,$3.31,$3.26
06/11/2018,$3.125,126329,$3.06,$3.15,$3.05
06/08/2018,$3.035,110816,$3.04,$3.04,$3.02
06/07/2018,$2.98,129158,$2.99,$3.01,$2.96
06/06/2018,$3,119141,$2.97,$3.02,$2.97
06/05/2018,$2.975,169419,$2.99,$2.99,$2.96
06/04/2018,$2.985,147568,$2.99,$3,$2.97
06/01/2018,$2.96,621669,$2.94,$2.98,$2.93
05/31/2018,$2.975,229104,$2.99,$2.99,$2.93
05/30/2018,$3.07,138887,$3.05,$3.1,$3.04
05/29/2018,$2.98,205750,$2.97,$3,$2.95
05/25/2018,$3.17,34390,$3.19,$3.19,$3.13
05/24/2018,$3.27,56553,$3.23,$3.27,$3.23
05/23/2018,$3.28,111104,$3.26,$3.29,$3.24
05/22/2018,$3.28,118202,$3.29,$3.34,$3.28
05/21/2018,$3.32,42976,$3.32,$3.33,$3.28
05/18/2018,$3.24,28195,$3.25,$3.28,$3.24
05/17/2018,$3.31,130055,$3.26,$3.33,$3.24
05/16/2018,$3.145,132276,$3.14,$3.15,$3.125
05/15/2018,$3.14,179698,$3.11,$3.16,$3.094
05/14/2018,$3.19,53058,$3.19,$3.21,$3.17
05/11/2018,$3.21,201958,$3.17,$3.22,$3.17
05/10/2018,$3.34,132774,$3.47,$3.47,$3.2912
05/09/2018,$3.43,65052,$3.42,$3.43,$3.41
05/08/2018,$3.38,186908,$3.335,$3.38,$3.32
05/07/2018,$3.3,133362,$3.24,$3.31,$3.24
05/04/2018,$3.26,171390,$3.23,$3.26,$3.23
05/03/2018,$3.265,116046,$3.31,$3.31,$3.23
05/02/2018,$3.385,122967,$3.39,$3.42,$3.36
05/01/2018,$3.37,287100,$3.41,$3.41,$3.35
04/30/2018,$3.395,171214,$3.4,$3.4,$3.37
04/27/2018,$3.375,110416,$3.35,$3.4,$3.34
04/26/2018,$3.29,133242,$3.307,$3.32,$3.27
04/25/2018,$3.35,230215,$3.28,$3.37,$3.26
04/24/2018,$3.21,382731,$3.21,$3.24,$3.2
04/23/2018,$3.165,216188,$3.15,$3.18,$3.14
04/20/2018,$3.085,64649,$3.12,$3.12,$3.08
04/19/2018,$3.2,182963,$3.22,$3.22,$3.18
04/18/2018,$3.225,138143,$3.21,$3.24,$3.21
04/17/2018,$3.22,1477414,$3.19,$3.22,$3.1899
04/16/2018,$3.13,288283,$3.16,$3.17,$3.1
04/13/2018,$3.15,95902,$3.15,$3.18,$3.13
04/12/2018,$3.14,65333,$3.12,$3.16,$3.12
04/11/2018,$3.065,77817,$3.07,$3.1,$3.05
04/10/2018,$3.04,201849,$3,$3.06,$3
04/09/2018,$2.975,117071,$2.99,$3,$2.97
04/06/2018,$2.96,145640,$2.96,$2.9762,$2.94
04/05/2018,$2.94,139921,$2.95,$2.96,$2.92
04/04/2018,$2.95,870052,$2.92,$2.97,$2.91
04/03/2018,$2.92,243414,$2.92,$2.93,$2.9
04/02/2018,$2.94,159073,$2.965,$2.965,$2.88
03/29/2018,$2.965,286669,$2.93,$2.97,$2.93
03/28/2018,$2.89,335629,$2.89,$2.92,$2.87
03/27/2018,$2.89,437678,$2.846,$2.92,$2.82
03/26/2018,$3.085,372004,$3.08,$3.11,$3.05
03/23/2018,$3.07,202070,$3.07,$3.1,$3.06
03/22/2018,$3.02,230527,$3.02,$3.06,$3
03/21/2018,$3.105,382872,$3.1,$3.11,$3.06
03/20/2018,$3.095,250949,$3.09,$3.1,$3.07
03/19/2018,$3.125,123806,$3.13,$3.14,$3.1
03/16/2018,$3.17,132763,$3.17,$3.17,$3.1513
03/15/2018,$3.185,149404,$3.15,$3.19,$3.1498
03/14/2018,$3.29,72006,$3.276,$3.31,$3.27
03/13/2018,$3.24,246722,$3.3,$3.3,$3.23
03/12/2018,$3.28,124708,$3.23,$3.28,$3.23
03/09/2018,$3.27,92394,$3.25,$3.28,$3.24
03/08/2018,$3.265,69627,$3.28,$3.29,$3.25
03/07/2018,$3.285,163772,$3.27,$3.31,$3.26
03/06/2018,$3.275,80303,$3.27,$3.28,$3.24
03/05/2018,$3.21,130200,$3.19,$3.22,$3.18
03/02/2018,$3.175,112172,$3.18,$3.18,$3.15
03/01/2018,$3.215,114577,$3.21,$3.232,$3.18
02/28/2018,$3.255,101957,$3.29,$3.29,$3.24
02/27/2018,$3.325,114881,$3.36,$3.36,$3.31
02/26/2018,$3.37,111083,$3.35,$3.38,$3.34
02/23/2018,$3.36,108531,$3.36,$3.37,$3.34
02/22/2018,$3.355,88282,$3.39,$3.39,$3.34
02/21/2018,$3.44,123605,$3.46,$3.48,$3.43
02/20/2018,$3.435,85441,$3.43,$3.45,$3.41
02/16/2018,$3.5,64980,$3.46,$3.51,$3.46
02/15/2018,$3.48,111697,$3.42,$3.48,$3.42
02/14/2018,$3.36,124040,$3.29,$3.37,$3.27
02/13/2018,$3.5,214553,$3.44,$3.5,$3.44
02/12/2018,$3.44,199628,$3.42,$3.46,$3.4
02/09/2018,$3.43,175066,$3.42,$3.43,$3.3301
02/08/2018,$3.39,291591,$3.44,$3.44,$3.37
02/07/2018,$3.42,350668,$3.403,$3.44,$3.4
02/06/2018,$3.46,241220,$3.4,$3.46,$3.37
02/05/2018,$3.415,160155,$3.54,$3.54,$3.415
02/02/2018,$3.54,77727,$3.51,$3.57,$3.51
02/01/2018,$3.51,184629,$3.5,$3.52,$3.48
01/31/2018,$3.5,397557,$3.57,$3.57,$3.47
01/30/2018,$3.91,81896,$3.94,$3.94,$3.88
01/29/2018,$3.96,91099,$3.94,$3.96,$3.92
01/26/2018,$3.93,57563,$3.925,$3.95,$3.92
01/25/2018,$3.934,136622,$3.938,$3.97,$3.91
01/24/2018,$3.925,123560,$3.94,$3.94,$3.91
01/23/2018,$3.87,76074,$3.88,$3.89,$3.86
01/22/2018,$3.87,36812,$3.84,$3.87,$3.83
01/19/2018,$3.89,107733,$3.88,$3.89,$3.87
01/18/2018,$3.87,61627,$3.87,$3.88,$3.85
01/17/2018,$3.89,112066,$3.85,$3.89,$3.845
01/16/2018,$3.92,123304,$3.935,$3.95,$3.92
01/12/2018,$3.93,129425,$3.89,$3.94,$3.885
01/11/2018,$3.875,128046,$3.84,$3.89,$3.835
01/10/2018,$3.885,335424,$3.88,$3.9,$3.86
01/09/2018,$3.835,3026551,$3.84,$3.85,$3.81
01/08/2018,$3.815,13464800,$3.935,$3.94,$3.79
01/05/2018,$3.95,80774,$3.97,$3.98,$3.925
01/04/2018,$4.03,275569,$4.005,$4.04,$4
01/03/2018,$4.07,270712,$4.1,$4.1,$4.04
01/02/2018,$4.09,108708,$4.1,$4.1,$4.07
12/29/2017,$4.08,88844,$4.1,$4.11,$4.07
12/28/2017,$4.09,182613,$4.09,$4.1,$4.07
12/27/2017,$4.055,145243,$4.04,$4.07,$4.04
12/26/2017,$4.03,47351,$4.01,$4.06,$4.01
12/22/2017,$4.06,118160,$4.04,$4.06,$4.02
12/21/2017,$3.99,184641,$3.98,$4.02,$3.96
12/20/2017,$3.96,192106,$3.97,$3.98,$3.94
12/19/2017,$4.05,856410,$4.04,$4.06,$4.02
12/18/2017,$3.99,2311462,$3.965,$4.014,$3.934
12/15/2017,$4.065,238638,$4.038,$4.1,$3.98
12/14/2017,$4.685,120621,$4.73,$4.73,$4.67
12/13/2017,$4.745,93139,$4.75,$4.772,$4.73
12/12/2017,$4.67,104148,$4.65,$4.7,$4.65
12/11/2017,$4.645,189664,$4.636,$4.66,$4.63
12/08/2017,$4.64,267017,$4.63,$4.64,$4.61
12/07/2017,$4.57,311922,$4.608,$4.61,$4.57
12/06/2017,$4.625,189400,$4.64,$4.66,$4.62
12/05/2017,$4.635,284900,$4.62,$4.66,$4.59
12/04/2017,$4.58,253845,$4.58,$4.63,$4.58
12/01/2017,$4.635,229771,$4.65,$4.67,$4.61
11/30/2017,$4.642,166503,$4.69,$4.7,$4.63
11/29/2017,$4.61,83937,$4.6,$4.627,$4.59
11/28/2017,$4.605,204527,$4.6,$4.62,$4.59
11/27/2017,$4.54,184865,$4.59,$4.59,$4.53
11/24/2017,$4.515,84634,$4.51,$4.53,$4.5
11/22/2017,$4.55,96331,$4.49,$4.56,$4.49
11/21/2017,$4.555,184406,$4.5,$4.59,$4.49
11/20/2017,$4.56,147243,$4.6,$4.6,$4.5
11/17/2017,$4.62,51772,$4.6,$4.64,$4.594
11/16/2017,$4.785,77270,$4.8,$4.83,$4.77
11/15/2017,$4.73,115613,$4.7,$4.76,$4.7
11/14/2017,$4.765,154818,$4.74,$4.79,$4.72
11/13/2017,$4.75,36184,$4.705,$4.782,$4.705
11/10/2017,$4.89,44637,$4.87,$4.9,$4.83
11/09/2017,$4.81,66359,$4.78,$4.84,$4.77
11/08/2017,$4.86,42320,$4.83,$4.86,$4.81
11/07/2017,$4.81,88153,$4.86,$4.86,$4.81
11/06/2017,$4.94,71189,$4.91,$4.94,$4.91
11/03/2017,$4.93,64419,$4.94,$4.945,$4.91
11/02/2017,$4.91,177040,$4.9,$4.94,$4.9
11/01/2017,$4.89,37075,$4.88,$4.91,$4.85
10/31/2017,$4.962,79648,$5.04,$5.04,$4.96
10/30/2017,$5.165,52230,$5.13,$5.17,$5.13
10/27/2017,$5.13,35415,$5.11,$5.13,$5.09
10/26/2017,$5.08,94109,$5.14,$5.14,$5.07
10/25/2017,$5.17,45524,$5.174,$5.174,$5.13
10/24/2017,$5.175,40076,$5.17,$5.19,$5.16
10/23/2017,$5.19,37317,$5.2,$5.21,$5.17
10/20/2017,$5.265,38104,$5.241,$5.29,$5.24
10/19/2017,$5.225,40796,$5.19,$5.2399,$5.19
10/18/2017,$5.25,35875,$5.23,$5.25,$5.2
10/17/2017,$5.225,134013,$5.28,$5.28,$5.22
10/16/2017,$5.37,37158,$5.366,$5.38,$5.34
10/13/2017,$5.405,34370,$5.43,$5.43,$5.39
10/12/2017,$5.43,67380,$5.43,$5.44,$5.4
10/11/2017,$5.411,68915,$5.38,$5.42,$5.38
10/10/2017,$5.355,30380,$5.35,$5.372,$5.33
10/09/2017,$5.345,20507,$5.35,$5.37,$5.33
10/06/2017,$5.32,27942,$5.23,$5.32,$5.23
10/05/2017,$5.305,120100,$5.32,$5.32,$5.29
10/04/2017,$5.33,54862,$5.3,$5.33,$5.29
10/03/2017,$5.23,52458,$5.243,$5.25,$5.21
10/02/2017,$5.13,68481,$5.12,$5.15,$5.11
09/29/2017,$5.15,33736,$5.105,$5.16,$5.1
09/28/2017,$5.17,74338,$5.12,$5.17,$5.11
09/27/2017,$5.43,36946,$5.39,$5.43,$5.38
09/26/2017,$5.41,33941,$5.4,$5.41,$5.35
09/25/2017,$5.49,29066,$5.462,$5.51,$5.46
09/22/2017,$5.43,35222,$5.45,$5.47,$5.43
09/21/2017,$5.44,50845,$5.42,$5.44,$5.41
09/20/2017,$5.44,87579,$5.45,$5.48,$5.4
09/19/2017,$5.35,36692,$5.33,$5.35,$5.31
09/18/2017,$5.35,42401,$5.36,$5.37,$5.32
09/15/2017,$5.41,51681,$5.43,$5.45,$5.39
09/14/2017,$5.3,67749,$5.26,$5.3,$5.26
09/13/2017,$5.18,24922,$5.186,$5.2,$5.16
09/12/2017,$5.24,165273,$5.17,$5.24,$5.17
09/11/2017,$5.17,45105,$5.16,$5.18,$5.13
09/08/2017,$5.03,54668,$5.024,$5.06,$5.02
09/07/2017,$5.08,116555,$5.07,$5.08,$5.04
09/06/2017,$4.975,39501,$4.94,$4.99,$4.93
09/05/2017,$4.93,53138,$4.904,$4.96,$4.904
09/01/2017,$4.99,57410,$4.98,$4.99,$4.955
08/31/2017,$5.03,49624,$4.98,$5.03,$4.98
08/30/2017,$5.05,68405,$5.02,$5.06,$5.01
08/29/2017,$5.0825,51005,$5.07,$5.1,$5.06
08/28/2017,$5.12,79104,$5.11,$5.12,$5.09
08/25/2017,$5.12,22983,$5.08,$5.14,$5.08
08/24/2017,$5.12,27892,$5.11,$5.13,$5.1
08/23/2017,$5.06,99469,$5.044,$5.1,$5.04
08/22/2017,$5.15,38370,$5.07,$5.15,$5.07
08/21/2017,$5.12,30870,$5.09,$5.14,$5.07
08/18/2017,$5.13,42715,$5.09,$5.15,$5.09
08/17/2017,$5.16,52650,$5.18,$5.19,$5.14
08/16/2017,$5.27,38894,$5.244,$5.28,$5.22
08/15/2017,$5.31,73723,$5.29,$5.31,$5.271
08/14/2017,$5.345,12669,$5.32,$5.357,$5.32
08/11/2017,$5.32,88891,$5.31,$5.33,$5.28
08/10/2017,$5.36,55545,$5.35,$5.368,$5.33
08/09/2017,$5.38,36008,$5.34,$5.38,$5.33
08/08/2017,$5.38,33741,$5.428,$5.428,$5.36
08/07/2017,$5.47,68012,$5.45,$5.47,$5.45
08/04/2017,$5.47,23874,$5.5,$5.5,$5.42
08/03/2017,$5.45,52290,$5.45,$5.48,$5.42
08/02/2017,$5.505,47534,$5.504,$5.53,$5.48
08/01/2017,$5.305,40446,$5.31,$5.33,$5.29
07/31/2017,$5.18,107929,$5.15,$5.18,$5.15
07/28/2017,$5.225,53879,$5.226,$5.23,$5.19
07/27/2017,$5.17,60958,$5.18,$5.19,$5.15
07/26/2017,$5.19,105910,$5.14,$5.19,$5.14
07/25/2017,$5.12,47459,$5.14,$5.14,$5.1
07/24/2017,$5.165,108439,$5.12,$5.18,$5.12
07/21/2017,$5.265,67565,$5.25,$5.29,$5.25
07/20/2017,$5.32,48232,$5.24,$5.32,$5.24
07/19/2017,$5.25,34899,$5.21,$5.25,$5.21
07/18/2017,$5.2,56163,$5.21,$5.25,$5.18
07/17/2017,$5.22,71170,$5.1301,$5.22,$5.1301
07/14/2017,$5.06,60649,$5.04,$5.06,$5
07/13/2017,$5.01,57495,$4.99,$5.03,$4.97
07/12/2017,$4.91,78467,$4.86,$4.91,$4.86
07/11/2017,$4.92,65436,$4.88,$4.92,$4.87
07/10/2017,$4.915,98954,$4.89,$4.92,$4.88
07/07/2017,$5.04,112373,$5.01,$5.05,$4.99
07/06/2017,$5.02,46128,$5,$5.03,$4.99
07/05/2017,$4.99,60249,$4.96,$4.99,$4.95
07/03/2017,$5.01,32990,$5.025,$5.03,$4.99
06/30/2017,$4.945,38152,$5,$5.025,$4.92
06/29/2017,$4.925,61580,$4.94,$4.94,$4.89
06/28/2017,$4.74,146406,$4.68,$4.76,$4.68
06/27/2017,$4.63,83364,$4.63,$4.63,$4.59
06/26/2017,$4.65,119755,$4.632,$4.66,$4.63
06/23/2017,$4.62,110802,$4.61,$4.65,$4.61
06/22/2017,$4.61,89352,$4.6,$4.62,$4.58
06/21/2017,$4.535,72439,$4.54,$4.56,$4.52
06/20/2017,$4.57,266491,$4.65,$4.65,$4.54
06/19/2017,$4.73,7602811,$4.58,$4.77,$4.58
06/16/2017,$4.605,401799,$4.56,$4.63,$4.55
06/15/2017,$4.55,59459,$4.53,$4.55,$4.52
06/14/2017,$4.835,62090,$4.91,$4.91,$4.82
06/13/2017,$4.87,56515,$4.85,$4.87,$4.845
06/12/2017,$4.71,49107,$4.74,$4.74,$4.695
06/09/2017,$4.68,26468,$4.69,$4.7,$4.66
06/08/2017,$4.74,22052,$4.71,$4.76,$4.7
06/07/2017,$4.79,61849,$4.79,$4.81,$4.78
06/06/2017,$4.96,46230,$4.97,$4.97,$4.93
06/05/2017,$4.975,47300,$4.99,$4.99,$4.95
06/02/2017,$5.049,41715,$5.01,$5.05,$5
06/01/2017,$4.98,57459,$4.97,$4.99,$4.94
05/31/2017,$4.94,156558,$4.97,$4.98,$4.93
05/30/2017,$4.99,127195,$5.02,$5.02,$4.82
05/26/2017,$5.12,36762,$5.11,$5.12,$5.09
05/25/2017,$5.17,53685,$5.185,$5.19,$5.16
05/24/2017,$5.16,111525,$5.15,$5.2,$5.14
05/23/2017,$5.19,64537,$5.23,$5.23,$5.18
05/22/2017,$5.17,37775,$5.13,$5.2,$5.13
05/19/2017,$5.04,44786,$4.9801,$5.06,$4.9801
05/18/2017,$4.94,100951,$4.93,$4.94,$4.89
05/17/2017,$4.94,82382,$4.945,$4.97,$4.92
05/16/2017,$4.94,126357,$4.935,$4.97,$4.91
05/15/2017,$4.925,56035,$4.92,$4.94,$4.91
05/12/2017,$4.92,39837,$4.77,$4.92,$4.77
05/11/2017,$4.77,72612,$4.73,$4.78,$4.73
05/10/2017,$4.7,74920,$4.75,$4.75,$4.7
05/09/2017,$4.9,153029,$4.87,$4.9,$4.86
05/08/2017,$4.93,53086,$4.93,$4.94,$4.9
05/05/2017,$4.88,63414,$4.87,$4.9,$4.83
05/04/2017,$4.83,135139,$4.84,$4.85,$4.78
05/03/2017,$4.895,38879,$4.9,$4.92,$4.87
05/02/2017,$4.87,342405,$4.87,$4.89,$4.85
05/01/2017,$4.94,14540,$4.95,$4.96,$4.91
04/28/2017,$4.91,42203,$4.944,$4.951,$4.89
04/27/2017,$4.92,62223,$4.93,$4.94,$4.87
04/26/2017,$4.96,51821,$4.94,$4.98,$4.94
04/25/2017,$4.99,258524,$4.96,$5.02,$4.96
04/24/2017,$4.95,95703,$4.96,$4.97,$4.92
04/21/2017,$4.77,124986,$4.77,$4.79,$4.75
04/20/2017,$4.76,250441,$4.8,$4.8,$4.75
04/19/2017,$4.785,384030,$4.8,$4.82,$4.77
04/18/2017,$4.8,283683,$4.79,$4.83,$4.78
04/17/2017,$4.83,65510,$4.824,$4.84,$4.81
04/13/2017,$4.77,37491,$4.75,$4.81,$4.74
04/12/2017,$4.84,101112,$4.8,$4.84,$4.8
04/11/2017,$4.78,199549,$4.77,$4.8,$4.77
04/10/2017,$4.78,24742,$4.78,$4.8,$4.78
04/07/2017,$4.78,58550,$4.75,$4.8,$4.75
04/06/2017,$4.82,54523,$4.795,$4.82,$4.79
04/05/2017,$4.82,79481,$4.86,$4.862,$4.81
04/04/2017,$4.925,100876,$4.88,$4.938,$4.87
04/03/2017,$4.97,64089,$4.98,$4.99,$4.91
03/31/2017,$5.07,41327,$5.03,$5.11,$5.03
03/30/2017,$5.04,45918,$5.05,$5.06,$5.03
03/29/2017,$5.305,32878,$5.29,$5.32,$5.27
03/28/2017,$5.31,20087,$5.29,$5.32,$5.28
03/27/2017,$5.31,52932,$5.28,$5.32,$5.28
03/24/2017,$5.23,42363,$5.18,$5.26,$5.18
03/23/2017,$5.226,65529,$5.19,$5.24,$5.18
03/22/2017,$5.135,50683,$5.12,$5.14,$5.09
03/21/2017,$5.14,240365,$5.17,$5.18,$5.12
03/20/2017,$5.13,137234,$5.13,$5.14,$5.11
03/17/2017,$5.17,43622,$5.16,$5.19,$5.15
03/16/2017,$5.2,95513,$5.2,$5.21,$5.164
03/15/2017,$5.22,39114,$5.17,$5.25,$5.14
03/14/2017,$5.44,52401,$5.43,$5.47,$5.43
03/13/2017,$5.43,82163,$5.39,$5.45,$5.39
